{
	"class_name" : "PinholeCameraParameters",
	"extrinsic" : 
	[
		-0.03930468329247571,
		0.060874444698835739,
		0.9973712668078456,
		0.0,
		-0.99920094097795742,
		-0.0096406256179029075,
		-0.03878837308343723,
		0.0,
		0.0072540623131224814,
		-0.99809887301825162,
		0.061204724161240308,
		0.0,
		0.079999174366860618,
		0.029815520782752233,
		0.40174553105506605,
		1.0
	],
	"intrinsic" : 
	{
		"height" : 1080,
		"intrinsic_matrix" : 
		[
			935.30743608719376,
			0.0,
			0.0,
			0.0,
			935.30743608719376,
			0.0,
			959.5,
			539.5,
			1.0
		],
		"width" : 1920
	},
	"version_major" : 1,
	"version_minor" : 0
}